Senator,State,Twitter,Facebook
Richard Shelby,Alabama,@SenShelby,https://www.facebook.com/RichardShelby
Doug Jones,Alabama,@DougJones,https://www.facebook.com/senatordougjones/
Dan Sullivan,Alaska,@SenDanSullivan,https://www.facebook.com/SenDanSullivan
Lisa Murkowski,Alaska,@lisamurkowski,https://www.facebook.com/SenLisaMurkowski
Martha McSally,Arizona,@SenMcSallyAZ,https://www.facebook.com/SenMarthaMcSally/
Kyrsten Sinema,Arizona,@SenatorSinema,https://www.facebook.com/KyrstenSinema/
Tom Cotton,Arkansas,@SenTomCotton,https://www.facebook.com/SenatorTomCotton
John Boozman,Arkansas,@JohnBoozman,https://www.facebook.com/JohnBoozman
Dianne Feinstein,California,@SenFeinstein,https://www.facebook.com/SenatorFeinstein
Kamala Harris,California,@KamalaHarris,https://www.facebook.com/KamalaHarris
Cory Gardner,Colorado,@SenCoryGardner,https://www.facebook.com/SenCoryGardner
Michael Bennet,Colorado,@SenBennetCO,https://www.facebook.com/senatorbennet
Chris Murphy,Connecticut,@ChrisMurphyCT,https://www.facebook.com/ChrisMurphyCT
Richard Blumenthal,Connecticut,@SenBlumenthal,https://www.facebook.com/SenBlumenthal
Chris Coons,Delaware,@SenCoonsOffice,https://www.facebook.com/chriscoons
Thomas Carper,Delaware,@SenatorCarper,https://www.facebook.com/tomcarper
Marco Rubio,Florida,@marcorubio,https://www.facebook.com/MarcoRubio
Rick Scott,Florida,@ScottforFlorida,https://www.facebook.com/RickScottSenOffice/
David Perdue,Georgia,@sendavidperdue,https://www.facebook.com/perduesenate
Johnny Isakson,Georgia,@SenatorIsakson,https://www.facebook.com/isakson
Brian Schatz,Hawaii,@SenBrianSchatz,https://www.facebook.com/BrianSchatz
Mazie Hirono,Hawaii,@maziehirono,https://www.facebook.com/mazie.hirono
Jim Risch,Idaho,@SenatorRisch,https://www.facebook.com/pages/Jim-Risch/107379405951426
Mike Crapo,Idaho,@MikeCrapo,https://www.facebook.com/mikecrapo
Tammy Duckworth,Illinois,@RepDuckworth,https://www.facebook.com/SenDuckworth
Richard Durbin,Illinois,@SenatorDurbin,https://www.facebook.com/SenatorDurbin
Mike Braun,Indiana,@Braun4Indiana,https://www.facebook.com/mikebraunforindiana/
Todd Young,Indiana,@ToddYounIN,https://www.facebook.com/RepToddYoung
Chuck Grassley,Iowa,@ChuckGrassley,https://www.facebook.com/grassley
Joni Ernst,Iowa,@SenJoniErnst,https://www.facebook.com/senjoniernst
Pat Roberts,Kansas,@SenPatRoberts,https://www.facebook.com/SenPatRoberts
Jerry Moran,Kansas,@JerryMoran,https://www.facebook.com/jerrymoran
Rand Paul,Kentucky,@RandPaul,https://www.facebook.com/SenatorRandPaul
Mitch McConnell,Kentucky,@McConnellPress,https://www.facebook.com/mitchmcconnell
"Kennedy, John",Louisiana,@JohnKennedyLA,https://www.facebook.com/JohnKennedyLouisiana
Bill Cassidy,Louisiana,@BillCassidy,https://www.facebook.com/billcassidy
Angus King,Maine,@SenAngusKing,https://www.facebook.com/SenatorAngusSKingJr
Susan Collins,Maine,@SenatorCollins,https://www.facebook.com/susancollins
Chris Van Hollen,Maryland,@ChrisVanHollen,https://www.facebook.com/ChrisVanHollen
Benjamin Cardin,Maryland,@SenatorCardin,https://www.facebook.com/senatorbencardin
Elizabeth Warren,Massachusetts,@SenWarren,https://www.facebook.com/senatorelizabethwarren
Edward Markey,Massachusetts,@SenMarkey,https://www.facebook.com/EdJMarkey
Debbie Stabenow,Michigan,@SenStabenow,https://www.facebook.com/stabenow
Gary Peters,Michigan,@SenGaryPeters,https://www.facebook.com/SenGaryPeters
Amy Klobuchar,Minnesota,@amyklobuchar,https://www.facebook.com/amyklobuchar
Tina Smith,Minnesota,@SenTinaSmith,https://www.facebook.com/USSenTinaSmith/
Roger Wicker,Mississippi,@SenatorWicker,https://www.facebook.com/wicker
Cindy Hyde-Smith,Mississippi,@SenHydeSmith,https://www.facebook.com/CindyHydeSmith2018/
Josh Hawley,Missouri,@HawleyMO,https://www.facebook.com/SenatorHawley/
Roy Blunt,Missouri,@RoyBlunt,https://www.facebook.com/SenatorBlunt
Jon Tester,Montana,@SenatorTester,https://www.facebook.com/senatortester
Steve Daines,Montana,@SteveDaines,https://www.facebook.com/SteveDainesMT
Ben Sasse,Nebraska,@SenSasse,https://www.facebook.com/SenatorSasse
Deb Fischer,Nebraska,@SenatorFischer,https://www.facebook.com/senatordebfischer
Jacky Rosen,Nevada,@SenJackyRosen,https://www.facebook.com/SenJackyRosen/
Catherine Cortez Mastro,Nevada,@CatherineForNV,https://www.facebook.com/catherinecortezmastro
Jeanne Shaheen,New Hampshire,@SenatorShaheen,https://www.facebook.com/SenatorShaheen
Maggie Hassan,New Hampshire,@Maggie_Hassan,https://www.facebook.com/SenatorHassan
Robert Menendez,New Jersey,@SenatorMenendez,https://www.facebook.com/senatormenendez
Cory Booker,New Jersey,@CoryBooker,https://www.facebook.com/corybooker
Tom Udall,New Mexico,@SenatorTomUdall,https://www.facebook.com/senatortomudall
Martin Heinrich,New Mexico,@MartinHeinrich,https://www.facebook.com/MartinHeinrich
Chuck Schumer,New York,@SenSchumer,https://www.facebook.com/chuckschumer
Kirsten Gillibrand,New York,@SenGillibrand,https://www.facebook.com/KirstenGillibrand
Thom Tillis,North Carolina,@SenThomTillis,https://www.facebook.com/SenatorThomTillis
Richard Burr,North Carolina,@SenatorBurr,https://www.facebook.com/SenatorRichardBurr
John Hoeven,North Dakota,@SenJohnHoeven,https://www.facebook.com/SenatorJohnHoeven
Kevin Cramer,North Dakota,@SenKevinCramer,https://www.facebook.com/SenatorKevinCramer/
Rob Portman,Ohio,@senrobportman,https://www.facebook.com/robportman
Sherrod Brown,Ohio,@SenSherrodBrown,https://www.facebook.com/sherrod
James Lankford,Oklahoma,@SenatorLankford,https://www.facebook.com/SenatorLankford
Jim Inhofe,Oklahoma,@InhofePress,https://www.facebook.com/jiminhofe
Ron Wyden,Oregon,@RonWyden,https://www.facebook.com/wyden
Jeff Merkley,Oregon,@SenJeffMerkley,https://www.facebook.com/jeffmerkley
Patrick Toomey,Pennsylvania,@SenToomey,https://www.facebook.com/senatortoomey
"Bob Casey, Jr.",Pennsylvania,@SenBobCasey,https://www.facebook.com/SenatorBobCasey
Sheldon Whitehouse,Rhode Island,@SenWhitehouse,https://www.facebook.com/SenatorWhitehouse
Jack Reed,Rhode Island,@SenJackReed,https://www.facebook.com/SenJackReed
Tim Scott,South Carolina,@SenatorTimScott,https://www.facebook.com/SenatorTimScott
Lindsey Graham,South Carolina,@GrahamBlog,https://www.facebook.com/USSenatorLindseyGraham
John Thune,South Dakota,@SenJohnThune,https://www.facebook.com/johnthune
Mike Rounds,South Dakota,@SenatorRounds,https://www.facebook.com/SenatorMikeRounds
Marsha Blackburn,Tennessee,@MarshaBlackburn,https://www.facebook.com/marshablackburn/
Lamar Alexander,Tennessee,@SenAlexander,https://www.facebook.com/senatorlamaralexander
Ted Cruz,Texas,@SenTedCruz,https://www.facebook.com/SenatorTedCruz
John Cornyn,Texas,@JohnCornyn,https://www.facebook.com/Sen.JohnCornyn
Mike Lee,Utah,@SenMikeLee,https://www.facebook.com/senatormikelee
Mitt Romney,Utah,@SenatorRomney,https://www.facebook.com/senatorromney/
Bernie Sanders,Vermont,@SenSanders,https://www.facebook.com/senatorsanders
Patrick Leahy,Vermont,@SenatorLeahy,https://www.facebook.com/SenatorPatrickLeahy
Mark Warner,Virginia,@MarkWarner,https://www.facebook.com/MarkRWarner
Tim Kaine,Virginia,@timkaine,https://www.facebook.com/SenatorKaine
Patty Murray,Washington,@PattyMurray,https://www.facebook.com/pattymurray
Maria Cantwell,Washington,@SenMikeLee,https://www.facebook.com/senatorcantwell
Joe Manchin,West Virginia,@Sen_JoeManchin,https://www.facebook.com/JoeManchinIII
Shelley Moore Capito,West Virginia,@SenCapito,https://www.facebook.com/senshelley
Ron Johnson,Wisconsin,@SenRonJohnson,https://www.facebook.com/senronjohnson
Tammy Baldwin,Wisconsin,@SenatorBaldwin,https://www.facebook.com/senatortammybaldwin
Mike Enzi,Wyoming,@SenatorEnzi,https://www.facebook.com/mikeenzi
John Barrasso,Wyoming,@SenJohnBarrasso,https://www.facebook.com/johnbarrasso
U.S. HOUSE OF REPRESENTATIVES,,,
Representative,District,Twitter,Facebook
"Byrne, Bradley",Alabama 1st District,@RepByrne,https://www.facebook.com/RepByrne
"Roby, Martha",Alabama 2nd District,@RepMarthaRoby,https://www.facebook.com/Representative.Martha.Roby/
"Rogers, Mike",Alabama 3rd District,@RepMikeRogersAL,https://www.facebook.com/pages/Mike-Rogers/6406874733?sk=wall
"Aderholt, Robert",Alabama 4th District,@Robert_Aderholt,https://www.facebook.com/RobertAderholt
"Brooks, Mo",Alabama 5th District,@RepMoBrooks,https://www.facebook.com/RepMoBrooks
"Palmer, Gary",Alabama 6th District,@USRepGaryPalmer,https://www.facebook.com/USRepresentativeGaryPalmer
"Sewell, Terri A.",Alabama 7th District,@RepTerriSewell,https://www.facebook.com/RepSewell
"Young, Don",Alaska At-Large,@repdonyoung,https://www.facebook.com/RepDonYoung
"Radewagen, Amata",American Samoa At-Large,@RepAmata,https://www.facebook.com/congresswomanaumuaamata
"O’Halleran, Tom",Arizona 1st District,@TomOHalleran,https://www.facebook.com/OhalleranforAZ
"Kirkpatrick, Ann",Arizona 2nd District,@RepKirkPatrick,https://www.facebook.com/RepAnnKirkpatrick/
"Grijalva, Raul",Arizona 3rd District,@RepRaulGrijalva,https://www.facebook.com/Rep.Grijalva
"Gosar, Paul A.",Arizona 4th District,@RepGosar,https://www.facebook.com/repgosar
"Biggs, Andy",Arizona 5th District,@AndyBiggs4AZ,https://www.facebook.com/biggsforcongress
"Schweikert, David",Arizona 6th District,@RepDavid,https://www.facebook.com/repdavidschweikert
"Gallego, Ruben",Arizona 7th District,@RepRubenGallego,https://www.facebook.com/RepRubenGallego
"Lesko, Debbie",Arizona 8th District,@RepDLesko,https://www.facebook.com/RepDebbieLesko/
"Stanton, Greg",Arizona 9th District,@RepGregStanton,https://www.facebook.com/repgregstanton/
"Crawford, Rick",Arkansas 1st District,@RepRickCrawford,https://www.facebook.com/RepRickCrawford
"Hill, French",Arkansas 2nd District,@RepFrenchHill,https://www.facebook.com/RepFrenchHill
"Womack, Steve",Arkansas 3rd District,@rep_stevewomack,https://www.facebook.com/RepSteveWomack?v=wall
"Westerman, Bruce",Arkansas 4th District,@RepWesterman,https://www.facebook.com/RepWesterman
"Harder, Josh",California 10th District,@RepJoshHarder,https://www.facebook.com/RepJoshHarder/
"DeSaulnier, Mark",California 11th District,@RepDeSaulnier,https://www.facebook.com/RepMarkDeSaulnier
"Pelosi, Nancy",California 12th District,@NancyPelosi,https://www.facebook.com/NancyPelosi
"Lee, Barbara",California 13th District,@RepBarbaraLee,https://www.facebook.com/RepBarbaraLee
"Speier, Jackie",California 14th District,@RepSpeier,https://www.facebook.com/JackieSpeier
"Swalwell, Eric",California 15th District,@RepSwalwell,https://www.facebook.com/CongressmanEricSwalwell
"Costa, Jim",California 16th District,@RepJimCosta,https://www.facebook.com/RepJimCosta
"Khanna, Ro",California 17th District,@RoKhannaUSA,https://www.facebook.com/Ro_Khanna
"Eshoo, Anna G.",California 18th District,@RepAnnaEshoo,https://www.facebook.com/RepAnnaEshoo
"Lofgren, Zoe",California 19th District,@RepZoeLofgren,https://www.facebook.com/zoelofgren
"LaMalfa, Doug",California 1st District,@RepLaMalfa,https://www.facebook.com/RepLaMalfa
"Panetta, Jimmy",California 20th District,@JimmyPanetta,https://www.facebook.com/JimmyPanettaForCongress
"Cox, TJ",California 21st District,@RepTJCox,https://www.facebook.com/RepTJCox/
"Nunes, Devin",California 22nd District,@Rep_DevinNunes,https://www.facebook.com/Devin-Nunes-376470350795
"McCarthy, Kevin",California 23rd District,@GOPLeader,https://www.facebook.com/CongressmanKevinMcCarthy
"Carbajal, Salud",California 24th District,@CarbajalSalud,https://www.facebook.com/RepSaludCarbajal
"Hill, Katie",California 25th District,@RepKatieHill,https://www.facebook.com/RepKatieHill/
"Brownley, Julia",California 26th District,@JuliaBrownley26,https://www.facebook.com/RepJuliaBrownley
"Chu, Judy",California 27th District,@RepJudyChu,https://www.facebook.com/repjudychu
"Schiff, Adam",California 28th District,@RepAdamSchiff,https://www.facebook.com/RepAdamSchiff
"Cárdenas, Tony",California 29th District,@RepCardenas,https://www.facebook.com/repcardenas
"Huffman, Jared",California 2nd District,@RepHuffman,https://www.facebook.com/RepHuffman
"Sherman, Brad",California 30th District,@BradSherman,https://www.facebook.com/CongressmanBradSherman
"Aguilar, Pete",California 31st District,@RepPeteAguilar,https://www.facebook.com/reppeteaguilar
"Napolitano, Grace",California 32nd District,@gracenapolitano,https://www.facebook.com/RepGraceNapolitano
"Lieu, Ted",California 33rd District,@RepTedLieu,https://www.facebook.com/RepTedLieu
"Gomez, Jimmy",California 34th District,@RepJimmyGomez,https://www.facebook.com/RepJimmyGomez/
"Torres, Norma",California 35th District,@NormaJTorres,https://www.facebook.com/RepNormaTorres
"Ruiz, Raul",California 36th District,@CongressmanRuiz,https://www.facebook.com/CongressmanRaulRuizMD
"Bass, Karen",California 37th District,@RepKarenBass,https://www.facebook.com/RepKarenBass
"Sánchez, Linda",California 38th District,@RepLindaSanchez,https://www.facebook.com/CongresswomanLindaSanchez
"Cisneros, Gilbert Ray Jr.",California 39th District,@RepGilCisneros,https://www.facebook.com/RepGilCisneros
"Garamendi, John",California 3rd District,@RepGaramendi,https://www.facebook.com/repgaramendi
"Roybal-Allard, Lucille",California 40th District,@RepRoybalAllard,https://www.facebook.com/RepRoybalAllard
"Takano, Mark",California 41st District,@RepMarkTakano,https://www.facebook.com/RepMarkTakano
"Calvert, Ken",California 42nd District,@KenCalvert,https://www.facebook.com/CalvertforCongress
"Waters, Maxine",California 43rd District,@MaxineWaters,https://www.facebook.com/MaxineWaters
"Barragan, Nanette",California 44th District,@Nanette4CA,https://www.facebook.com/NanetteBarraganforCongress
"Porter, Katie",California 45th District,@RepKatiePorter,https://www.facebook.com/repkatieporter/
"Correa, Lou",California 46th Division,@LouCorreaCA,https://www.facebook.com/LouCorreaCA
"Lowenthal, Alan",California 47th District,@RepLowenthal,https://www.facebook.com/RepLowenthal
"Rouda, Harley",California 48th District,@RepHarley,https://www.facebook.com/RepHarley
"Levin, Mike",California 49th District,@RepMikeLevin,https://www.facebook.com/RepMikeLevin
"McClintock, Tom",California 4th District,@RepMcClintock,https://www.facebook.com/Congressman-Tom-McClintock-81125319109
"Hunter, Duncan D.",California 50th District,@Rep_Hunter,https://www.facebook.com/DuncanHunter
"Vargas, Juan",California 51st District,@RepJuanVargas,https://www.facebook.com/RepJuanVargas
"Peters, Scott",California 52nd District,@RepScottPeters,https://www.facebook.com/scottpeterssandiego
"Davis, Susan",California 53rd District,@RepSusanDavis,https://www.facebook.com/RepSusanDavis
"Thompson, Mike",California 5th District,@RepThompson,https://www.facebook.com/RepMikeThompson
"Matsui, Doris O.",California 6th District,@DorisMatsui,https://www.facebook.com/doris.matsui
"Bera, Ami",California 7th District,@RepBera,https://www.facebook.com/RepAmiBera
"Cook, Paul",California 8th District,@RepPaulCook,https://www.facebook.com/RepPaulCook
"McNerney, Jerry",California 9th District,@RepMcNerney,https://www.facebook.com/jerrymcnerney
"DeGette, Diana",Colorado 1st District,@RepDianaDeGette,https://www.facebook.com/DianaDeGette
"Neguse, Joe",Colorado 2nd District,@RepJoeNeguse,https://www.facebook.com/RepJoeNeguse/
"Tipton, Scott",Colorado 3rd District,@RepTipton,https://www.facebook.com/CongressmanScottTipton
"Buck, Ken",Colorado 4th District,@RepKenBuck,https://www.facebook.com/repkenbuck
"Lamborn, Doug",Colorado 5th District,@RepDLamborn,https://www.facebook.com/CongressmanDougLamborn
"Crow, Jason",Colorado 6th District,@RepJasonCrow,https://www.facebook.com/RepJasonCrow
"Perlmutter, Ed",Colorado 7th District,@RepPerlmutter,https://www.facebook.com/RepPerlmutter?v=info&tab=page_info
"Larson, John B.",Connecticut 1st District,@RepJohnLarson,https://www.facebook.com/RepJohnLarson
"Courtney, Joe",Connecticut 2nd District,@RepJoeCourtney,https://www.facebook.com/joecourtney
"DeLauro, Rosa L.",Connecticut 3rd District,@rosadelauro,https://www.facebook.com/CongresswomanRosaDeLauro?v=wall
"Himes, Jim",Connecticut 4th District,@jahimes,https://www.facebook.com/CongressmanJimHimes
"Hayes, Jahana",Connecticut 5th District,@RepJahanaHayes,https://www.facebook.com/RepJahanaHayes
"Blunt Rochester, Lisa",Delaware At-Large,@LisaBRochester,https://www.facebook.com/LisaBluntRochester
"Norton, Eleanor Holmes",District of Columbia At-Large,@EleanorNorton,https://www.facebook.com/CongresswomanNorton?sid=86d3965b+ff3b64843d69f30c5e40e361&ref=s
"Demings, Val",Florida 10th District,@Val_Demings,https://www.facebook.com/Val.Demings
"Webster, Daniel",Florida 11th District,@RepWebster,https://www.facebook.com/RepWebster
"Bilirakis, Gus M.",Florida 12th District,@RepGusBilirakis,https://www.facebook.com/GusBilirakis
"Crist, Charlie",Florida 13th District,@CharlieCrist,https://www.facebook.com/CharlieCrist
"Castor, Kathy",Florida 14th District,@USRepKCastor,https://www.facebook.com/USRepKathyCastor
"Spano, Ross",Florida 15th District,@RepRossSpano,https://www.facebook.com/RepRossSpano
"Buchanan, Vern",Florida 16th District,@VernBuchanan,https://www.facebook.com/CongressmanBuchanan
"Steube, W. Gregory",Florida 17th District,@RepGregSteube,https://www.facebook.com/RepGregSteube/
"Mast, Brian",Florida 18th District,@BrianMastFL,https://www.facebook.com/BrianMastFL
"Rooney, Francis",Florida 19th District,@FrancisRooney,https://www.facebook.com/Francis-Rooney-1630804517180066/
"Gaetz, Matt",Florida 1st District,@MattGaetz,https://www.facebook.com/RepresentativeMattGaetz
"Hastings, Alcee L.",Florida 20th District,@RepHastingsFL,https://www.facebook.com/Congressman-Alcee-L-Hastings-95696782238
"Frankel, Lois",Florida 21st District,@RepLoisFrankel,https://www.facebook.com/RepLoisFrankel
"Deutch, Ted",Florida 22nd District,@RepTedDeutch,https://www.facebook.com/CongressmanTedDeutch
"Wasserman Schultz, Debbie",Florida 23rd District,@RepDWStweets,https://www.facebook.com/RepDWS
"Wilson, Frederica",Florida 24th District,@RepWilson,https://www.facebook.com/RepWilson
"Diaz-Balart, Mario",Florida 25th District,@MarioDB,https://www.facebook.com/mdiazbalart
"Mucarsel-Powell, Debbie",Florida 26th District,@RepDMP,https://www.facebook.com/RepDMP
"Shalala, Donna E.",Florida 27th District,@RepShalala,https://www.facebook.com/RepShalala/
"Dunn, Neal",Florida 2nd District,@DrNealDunn,https://www.facebook.com/NealDunnForCongress
"Yoho, Ted",Florida 3rd District,@RepTedYoho,https://www.facebook.com/CongressmanTedYoho
"Rutherford, John",Florida 4th District,@JRutherfordFL,https://www.facebook.com/JohnRutherfordFL
"Lawson, Al",Florida 5th District,@AlLawsonJr,https://www.facebook.com/AlLawsonJr
"Waltz, Michael",Florida 6th District,@RepMichaelWaltz,https://www.facebook.com/repmichaelwaltz/
"Murphy, Stephanie",Florida 7th District,@SMurphyCongress,https://www.facebook.com/SMurphyCongress
"Posey, Bill",Florida 8th District,@congbillposey,https://www.facebook.com/bill.posey15
"Soto, Darren",Florida 9th District,@USRepDarrenSoto,https://www.facebook.com/DarrenSotoFlorida
"Hice, Jody",Georgia 10th District,@CongressmanHice,https://www.facebook.com/CongressmanJodyHice
"Loudermilk, Barry",Georgia 11th District,@RepLoudermilk,https://www.facebook.com/RepLoudermilk
"Allen, Rick",Georgia 12th District,@RepRickAllen,https://www.facebook.com/CongressmanRickAllen
"Scott, David",Georgia 13th District,@repdavidscott,https://www.facebook.com/RepDavidScott
"Graves, Tom",Georgia 14th District,@RepTomGraves,https://www.facebook.com/reptomgraves?ref=ts
"Carter, Buddy",Georgia 1st District,@RepBuddyCarter,https://www.facebook.com/CongressmanBuddyCarter
"Bishop Jr., Sanford D.",Georgia 2nd District,@SanfordBishop,https://www.facebook.com/sanfordbishop
"Ferguson, Drew",Georgia 3rd District,@DrewFergusonGA,https://www.facebook.com/DrewFergusonforCongress
"Johnson, Henry C. “Hank” Jr.",Georgia 4th District,@RepHankJohnson,https://www.facebook.com/Congressman-Hank-Johnson-115356957005
"Lewis, John",Georgia 5th District,@repjohnlewis,https://www.facebook.com/RepJohnLewis
"McBath, Lucy",Georgia 6th District,@RepLucyMcBath,https://www.facebook.com/replucymcbath
"Woodall, Robert",Georgia 7th District,@RepRobWoodall,https://www.facebook.com/RepRobWoodall
"Scott, Austin",Georgia 8th District,@AustinScottGA08,https://www.facebook.com/RepAustinScott
"Collins, Doug",Georgia 9th District,@RepDougCollins,https://www.facebook.com/RepresentativeDougCollins
"San Nicolas, Michael F.Q.",Guam At-Large,,https://www.facebook.com/CongressmanMichaelF.Q.SanNicolas
"Case, Ed",Hawaii 1st District,@RepEdCase,https://www.facebook.com/RepEdCase
"Gabbard, Tulsi",Hawaii 2nd District,@TulsiPress,https://www.facebook.com/RepTulsiGabbard
"Fulcher, Russ",Idaho 1st District,@RepRussFulcher,https://www.facebook.com/RepRussFulcher
"Simpson, Mike",Idaho 2nd District,@CongMikeSimpson,https://www.facebook.com/Mike-Simpson-96007744606
"Schneider, Bradley",Illinois 10th District,@RepSchneider,https://www.facebook.com/BradSchneider
"Foster, Bill",Illinois 11th District,@RepBillFoster,https://www.facebook.com/CongressmanBillFoster
"Bost, Mike",Illinois 12th District,@RepBost,https://www.facebook.com/RepBost
"Davis, Rodney",Illinois 13th District,@RodneyDavis,https://www.facebook.com/RepRodneyDavis?_rdr=p
"Underwood, Lauren",Illinois 14th District,@RepUnderwood,https://www.facebook.com/repunderwood/
"Shimkus, John",Illinois 15th District,@RepShimkus,https://www.facebook.com/repshimkus
"Kinzinger, Adam",Illinois 16th District,@RepKinzinger,https://www.facebook.com/RepKinzinger
"Bustos, Cheri",Illinois 17th District,@RepCheri,https://www.facebook.com/RepCheri
"LaHood,Darin",Illinois 18th District,@ElectLaHood,https://www.facebook.com/darinlahood
"Rush, Bobby L.",Illinois 1st District,@RepBobbyRush,https://www.facebook.com/congressmanbobbyrush
"Kelly, Robin",Illinois 2nd District,@RepRobinKelly,https://www.facebook.com/reprobinkelly
"Lipinski, Daniel",Illinois 3rd District,@RepLipinski,https://www.facebook.com/repdanlipinski
"Garcia, Jesus “Chuy”",Illinois 4th District,@RepChuyGarcia,https://www.facebook.com/RepChuyGarcia/
"Quigley, Mike",Illinois 5th District,@RepMikeQuigley,https://www.facebook.com/repmikequigley
"Casten, Sean",Illinois 6th District,@RepCasten,https://www.facebook.com/RepSeanCasten/
"Davis, Danny K.",Illinois 7th District,@RepDannyDavis,https://www.facebook.com/CongressmanDKDavis
"Krishnamoorthi, Raja",Illinois 8th District,@RajaForCongress,https://www.facebook.com/RajaForCongress
"Schakowsky, Jan",Illinois 9th District,@janschakowsky,https://www.facebook.com/janschakowsky
"Visclosky, Peter",Indiana 1st District,@RepVisclosky,https://www.facebook.com/repvisclosky
"Walorski, Jackie",Indiana 2nd District,@RepWalorski,https://www.facebook.com/RepJackieWalorski
"Banks, Jim",Indiana 3rd District,@Jim_Banks,https://www.facebook.com/JimBanksforCongress
"Baird, James",Indiana 4th District,@RepJimBaird,https://www.facebook.com/RepJimBaird
"Brooks, Susan W.",Indiana 5th District,@SusanWBrooks,https://www.facebook.com/CongresswomanSusanWBrooks
"Pence, Greg",Indiana 6th District,@RepGregPence,https://www.facebook.com/RepGregPence
"Carson, André",Indiana 7th District,@RepAndreCarson,https://www.facebook.com/CongressmanAndreCarson
"Bucshon, Larry",Indiana 8th District,@RepLarryBucshon,https://www.facebook.com/RepLarryBucshon
"Hollingsworth, Trey",Indiana 9th District,@VoteForTrey,https://www.facebook.com/VoteTrey
"Finkenauer, Abby",Iowa 1st District,@RepFinkenauer,https://www.facebook.com/RepAbbyFinkenauer
"Loebsack, David",Iowa 2nd District,@daveloebsack,https://www.facebook.com/DaveLoebsack
"Axne, Cynthia",Iowa 3rd District,@RepCindyAxne,https://www.facebook.com/RepCindyAxne
"King, Steve",Iowa 4th District,@SteveKingIA,https://www.facebook.com/SteveKingIA
"Marshall, Roger",Kansas 1st District,@RogerMarshallMD,https://www.facebook.com/DrRogerMarshall
"Watkins, Steve",Kansas 2nd District,@Rep_Watkins,https://www.facebook.com/CongressmanSteveWatkins
"Davids, Sharice",Kansas 3rd District,@RepDavids,https://www.facebook.com/RepDavids
"Estes, Ron",Kansas 4th District,@RepRonEstes,https://www.facebook.com/RepRonEstes
"Comer, James",Kentucky 1st District,@KYComer,https://www.facebook.com/CongressmanJamesComer
"Guthrie, S. Brett",Kentucky 2nd District,@RepGuthrie,https://www.facebook.com/CongressmanGuthrie
"Yarmuth, John A.",Kentucky 3rd District,@RepJohnYarmuth,https://www.facebook.com/Congressman-John-Yarmuth-KY-3-214258646163
"Massie, Thomas",Kentucky 4th District,@RepThomasMassie,https://www.facebook.com/RepThomasMassie
"Rogers, Harold",Kentucky 5th District,@RepHalRogers,https://www.facebook.com/CongressmanHalRogers
"Barr, Andy",Kentucky 6th District,@RepAndyBarr,https://www.facebook.com/RepAndyBarr
"Scalise, Steve",Louisiana 1st District,@SteveScalise,https://www.facebook.com/RepSteveScalise
"Richmond, Cedric",Louisiana 2nd District,@RepRichmond,https://www.facebook.com/RepRichmond
"Higgins, Clay",Louisiana 3rd District,@CaptClayHIggins,https://www.facebook.com/CaptClayHiggins
"Johnson, Mike",Louisiana 4th District,@RepMikeJohnson,https://www.facebook.com/MikeJohnsonLouisiana
"Abraham, Ralph",Louisiana 5th District,@RepAbraham,https://www.facebook.com/CongressmanRalphAbraham
"Graves, Garret",Louisiana 6th District,@RepGarretGraves,https://www.facebook.com/CongressmanGarretGraves
"Pingree, Chellie",Maine 1st District,@chelliepingree,https://www.facebook.com/ChelliePingree
"Golden, Jared",Maine 2nd District,@RepGolden,https://www.facebook.com/RepGolden
"Harris, Andy",Maryland 1st District,@RepAndyHarrisMD,https://www.facebook.com/AndyHarrisMD
"Ruppersberger, C. A. Dutch",Maryland 2nd District,@Call_Me_Dutch,https://www.facebook.com/DutchRupp
"Sarbanes, John P.",Maryland 3rd District,@RepSarbanes,https://www.facebook.com/RepSarbanes
"Brown, Anthony",Maryland 4th District,@BrownforMD,https://www.facebook.com/AnthonyBrown.Maryland
"Hoyer, Steny H.",Maryland 5th District,@WhipHoyer,https://www.facebook.com/WhipHoyer
"Trone, David",Maryland 6th District,@RepDavidTrone,https://www.facebook.com/repdavidtrone/
"Cummings, Elijah",Maryland 7th District,@RepCummings,https://www.facebook.com/elijahcummings
"Raskin, Jamie",Maryland 8th District,@Jamie_Raskin,https://www.facebook.com/Raskin.Jamie
"Neal, Richard E.",Massachusetts 1st District,@RepRichardNeal,https://www.facebook.com/Congressman-Richard-Neal-325642654132598
"McGovern, James",Massachusetts 2nd District,@RepMcGovern,https://www.facebook.com/RepJimMcGovern
"Trahan, Lori",Massachusetts 3rd District,@RepLoriTrahan,https://www.facebook.com/RepLoriTrahan/
"Kennedy III, Joseph P.",Massachusetts 4th District,@RepJoeKennedy,https://www.facebook.com/CongressmanJoeKennedyIII
"Clark, Katherine",Massachusetts 5th District,@RepKClark,https://www.facebook.com/CongresswomanClark?_rdr=p
"Moulton, Seth",Massachusetts 6th District,@teammoulton,https://www.facebook.com/CongressmanSethMoulton
"Pressley, Ayanna",Massachusetts 7th District,@RepPressley,https://www.facebook.com/RepAyannaPressley
"Lynch, Stephen F.",Massachusetts 8th District,@RepStephenLynch,https://www.facebook.com/repstephenlynch
"Keating, William",Massachusetts 9th District,@USRepKeating,https://www.facebook.com/Congressman.Keating
"Mitchell, Paul",Michigan 10th District,@PaulMitchell4us,https://www.facebook.com/PaulMitchellforUS
"Stevens, Haley",Michigan 11th District,@RepHaleyStevens,https://www.facebook.com/RepHaleyStevens
"Dingell, Debbie",Michigan 12th District,@RepDebDingell,https://www.facebook.com/RepDebbieDingell
"Tlaib, Rashida",Michigan 13th District,@RepRashida,https://www.facebook.com/RepRashida
"Lawrence, Brenda",Michigan 14th District,@RepLawrence,https://www.facebook.com/Rep-Brenda-Lawrence-395759603917487
"Bergman, Jack",Michigan 1st District,@JackBergman_MI1,https://www.facebook.com/BergmanforCongress
"Huizenga, Bill",Michigan 2nd District,@RepHuizenga,https://www.facebook.com/rephuizenga
"Amash, Justin",Michigan 3rd District,@justinamash,https://www.facebook.com/repjustinamash
"Moolenaar, John",Michigan 4th District,@RepMoolenaar,https://www.facebook.com/RepMoolenaar
"Kildee, Daniel",Michigan 5th District,@RepDanKildee,https://www.facebook.com/RepDanKildee
"Upton, Fred",Michigan 6th District,@RepFredUpton,https://www.facebook.com/RepFredUpton
"Walberg, Tim",Michigan 7th District,@RepWalberg,https://www.facebook.com/RepWalberg
"Slotkin, Elissa",Michigan 8th District,@HouseDemocrats,https://www.facebook.com/HouseDemocrats
"Levin, Sander",Michigan 9th District,@repsandylevin,https://www.facebook.com/RepSandyLevin
"Hagedorn, Jim",Minnesota 1st District,@RepHagedorn,https://www.facebook.com/RepHagedorn
"Craig, Angie",Minnesota 2nd District,@RepAngieCraig,https://www.facebook.com/RepAngieCraig
"Phillips, Dean",Minnesota 3rd District,@RepDeanPhillips,https://www.facebook.com/RepDeanPhillips
"McCollum, Betty",Minnesota 4th District,@BettyMcCollum04,https://www.facebook.com/repbettymccollum
"Omar, Ilhan",Minnesota 5th District,@Ilhan,https://www.facebook.com/RepIlhan/
"Emmer, Tom",Minnesota 6th District,@RepTomEmmer,https://www.facebook.com/reptomemmer
"Peterson, Collin C.",Minnesota 7th District,@collinpeterson,https://www.facebook.com/pages/Collin-Peterson/6595227967?sk=wall
"Stauber, Pete",Minnesota 8th District,@RepPeteStauber,https://www.facebook.com/RepPeteStauber/
"Kelly, Trent",Mississippi 1st District,@RepTrentKelly,https://www.facebook.com/RepTrentKelly
"Thompson, Bennie G.",Mississippi 2nd District,@BennieGThompson,https://www.facebook.com/Congressman-Bennie-G-Thompson-7259193379
"Guest, Michael",Mississippi 3rd District,@RepMichaelGuest,https://www.facebook.com/RepMichaelGuest
"Palazzo, Steven",Mississippi 4th District,@CongPalazzo,https://www.facebook.com/stevenpalazzo
"Clay Jr., William “Lacy”",Missouri 1st District,@LacyClayMO1,https://www.facebook.com/lacy.clay.3
"Wagner, Ann",Missouri 2nd District,@RepAnnWagner,https://www.facebook.com/RepAnnWagner
"Luetkemeyer, Blaine",Missouri 3rd District,@RepBlainePress,https://www.facebook.com/BlaineLuetkemeyer
"Hartzler, Vicky",Missouri 4th District,@RepHartzler,https://www.facebook.com/Congresswoman.Hartzler
"Cleaver, Emanuel",Missouri 5th District,@repcleaver,https://www.facebook.com/emanuelcleaverii
"Graves, Sam",Missouri 6th District,@RepSamGraves,https://www.facebook.com/Sam-Graves-118514606128
"Long, Billy",Missouri 7th District,@USRepLong,https://www.facebook.com/BillyLongforCongress
"Smith, Jason",Missouri 8th District,@RepJasonSmith,https://www.facebook.com/repjasonsmith
"Gianforte, Greg",Montana At-Large,,https://www.facebook.com/RepGianforte/
"Fortenberry, Jeff",Nebraska 1st District,@JeffFortenberry,https://www.facebook.com/jefffortenberry
"Bacon, Don",Nebraska 2nd District,@DonBacon2016,https://www.facebook.com/DonBacon2016
"Smith, Adrian",Nebraska 3rd District,@RepAdrianSmith,https://www.facebook.com/AdrianSmithNE
"Titus, Dina",Nevada 1st District,@repdinatitus,https://www.facebook.com/CongresswomanTitus
"Amodei, Mark",Nevada 2nd District,@MarkAmodeiNV2,https://www.facebook.com/MarkAmodeiNV2
"Lee, Susie",Nevada 3rd District,@RepSusieLee,https://www.facebook.com/susieleenv/
"Horsford, Steven",Nevada 4th District,@RepHorsford,https://www.facebook.com/RepHorsford/
"Pappas, Chris",New Hampshire 1st District,@RepChrisPappas,https://www.facebook.com/RepChrisPappas
"Kuster, Ann",New Hampshire 2nd District,@RepAnnieKuster,https://www.facebook.com/CongresswomanAnnieKuster
"Payne Jr., Donald",New Jersey 10th District,@RepDonaldPayne,https://www.facebook.com/DonaldPayneJr
"Sherrill, Mikie",New Jersey 11th District,@RepSherrill,https://www.facebook.com/RepMikieSherrill/
"Watson Coleman, Bonnie",New Jersey 12th District,@RepBWColeman,https://www.facebook.com/RepBonnieWatsonColeman
"Norcross, Donald",New Jersey 1st District,@DonNorcross4NJ,https://www.facebook.com/DonaldNorcrossNJ
"Van Drew, Jefferson",New Jersey 2nd District,@JeffVanDrew,https://www.facebook.com/VanDrewForCongress/
"Kim, Andy",New Jersey 3rd District,@RepAndyKimNJ,https://www.facebook.com/RepAndyKimNJ/
"Smith, Chris",New Jersey 4th District,@RepChrisSmith,https://www.facebook.com/RepChrisSmith
"Gottheimer, Josh",New Jersey 5th District,@JoshGottheimer,https://www.facebook.com/josh4congress
"Pallone Jr., Frank",New Jersey 6th District,@FrankPallone,https://www.facebook.com/RepFrankPallone
"Malinowski, Tom",New Jersey 7th District,@RepMalinowski,https://www.facebook.com/RepTomMalinowski/
"Sires, Albio",New Jersey 8th District,@RepSires,https://www.facebook.com/RepAlbioSires
"Pascrell Jr., Bill",New Jersey 9th District,@BillPascrell,https://www.facebook.com/pascrell
"Haaland, Debra",New Mexico 1st District,@RepDebHaaland,https://www.facebook.com/RepDebHaaland
"Torres Small, Xochiti",New Mexico 2nd District,@RepTorresSmall,https://www.facebook.com/RepTorresSmall
"Lujan, Ben R.",New Mexico 3rd District,@repbenraylujan,https://www.facebook.com/RepBenRayLujan
"Nadler, Jerrold",New York 10th District,@RepJerryNadler,https://www.facebook.com/CongressmanNadler
"Rose, Max",New York 11th District,@RepMaxRose,https://www.facebook.com/RepMaxRose/
"Maloney, Carolyn",New York 12th District,@RepMaloney,https://www.facebook.com/CarolynMaloney
"Espaillat, Adriano",New York 13th District,@EspaillatNY,https://www.facebook.com/EspaillatForCongress
"Ocasio-Cortez, Alexandria",New York 14th District,@RepAOC,https://www.facebook.com/repAOC/
"Serrano, José E.",New York 15th District,@RepJoseSerrano,https://www.facebook.com/RepJoseSerrano
"Engel, Eliot",New York 16th District,@RepEliotEngel,https://www.facebook.com/RepEliotLEngel
"Lowey, Nita",New York 17th District,@NitaLowey,https://www.facebook.com/nitalowey
"Maloney, Sean Patrick",New York 18th District,@RepSeanMaloney,https://www.facebook.com/repseanmaloney
"Delgado, Antonio",New York 19th District,@RepDelgado,https://www.facebook.com/RepAntonioDelgado
"Zeldin, Lee",New York 1st District,@RepLeeZeldin,https://www.facebook.com/RepLeeZeldin
"Tonko, Paul D.",New York 20th District,@RepPaulTonko,https://www.facebook.com/reppaultonko
"Stefanik, Elise",New York 21st District,@RepStefanik,https://www.facebook.com/RepEliseStefanik
"Brindisi, Anthony",New York 22nd District,@RepBrindisi,https://www.facebook.com/RepBrindisi
"Reed, Tom",New York 23rd District,@RepTomReed,https://www.facebook.com/RepTomReed
"Katko, John",New York 24th District,@RepJohnKatko,https://www.facebook.com/RepJohnKatko
"Morelle, Joseph",New York 25th District,@RepJoeMorelle,https://www.facebook.com/RepJoeMorelle/
"Higgins, Brian",New York 26th District,@RepBrianHiggins,https://www.facebook.com/RepBrianHiggins
"Collins, Chris",New York 27th District,@RepChrisCollins,https://www.facebook.com/RepChrisCollins
"King, Pete",New York 2nd District,@RepPeteKing,https://www.facebook.com/reppeteking
"Suozzi, Tom",New York 3rd District,@Tom_Suozzi,https://www.facebook.com/Tom.Suozzi
"Rice, Kathleen",New York 4th District,@RepKathleenRice,https://www.facebook.com/RepKathleenRice
"Meeks, Gregory W.",New York 5th District,@GregoryMeeks,https://www.facebook.com/gregorymeeksny05
"Meng, Grace",New York 6th District,@RepGraceMeng,https://www.facebook.com/repgracemeng
"Velázquez, Nydia M.",New York 7th District,@NydiaVelazquez,https://www.facebook.com/Nydia-Velazquez-8037068318
"Jeffries, Hakeem",New York 8th District,@RepJeffries,https://www.facebook.com/RepHakeemJeffries
"Clarke, Yvette D.",New York 9th District,@YvetteClarke,https://www.facebook.com/repyvettedclarke
"McHenry, Patrick T.",North Carolina 10th District,@PatrickMcHenry,https://www.facebook.com/CongressmanMcHenry
"Meadows, Mark",North Carolina 11th District,@RepMarkMeadows,https://www.facebook.com/Repmarkmeadows
"Adams, Alma",North Carolina 12th District,@RepAdams,https://www.facebook.com/CongresswomanAdams
"Budd, Ted",North Carolina 13th District,@BuddforCongress,https://www.facebook.com/TedBuddforCongress
"Butterfield, G.K.",North Carolina 1st District,@GKButterfield,https://www.facebook.com/congressmangkbutterfield
"Holding, George",North Carolina 2nd District,@GeorgeHolding,https://www.facebook.com/CongressmanGeorgeHolding
"Jones, Walter B.",North Carolina 3rd District,@RepWalterJones,https://www.facebook.com/Walter-Jones-15083070102
"Price, David",North Carolina 4th District,@RepDavidEPrice,https://www.facebook.com/RepDavidEPrice
"Foxx, Virginia",North Carolina 5th District,@virginiafoxx,https://www.facebook.com/RepVirginiaFoxx
"Walker, Mark",North Carolina 6th District,@RepMarkWalker,https://www.facebook.com/RepMarkWalker
"Rouzer, David",North Carolina 7th District,@RepDavidRouzer,https://www.facebook.com/RepRouzer
"Hudson, Richard",North Carolina 8th District,@RepRichHudson,https://www.facebook.com/RepRichHudson
"Pittenger, Robert",North Carolina 9th District,@reppittenger,https://www.facebook.com/congressmanpittenger
"Armstrong, Kelly",North Dakota At-Large,@RepArmstrongND,https://www.facebook.com/RepArmstrongND
"Sablan, Gregorio",Northern Mariana Islands At-Large,,https://www.facebook.com/Gregorio-Kilili-Camacho-Sablan-153423912663
"Turner, Michael",Ohio 10th District,@RepMikeTurner,https://www.facebook.com/RepMikeTurner?sid=b8c1027c76287aac4c2612af6af9a77c&ref=s
"Fudge, Marcia L.",Ohio 11th District,@RepMarciaFudge,https://www.facebook.com/RepMarciaLFudge
"Balderson, Troy",Ohio 12th District,@RepBalderson,https://www.facebook.com/RepTroyBalderson/
"Ryan, Tim",Ohio 13th District,@RepTimRyan,https://www.facebook.com/timryan
"Joyce, David",Ohio 14th District,@RepDaveJoyce,https://www.facebook.com/RepDaveJoyce
"Stivers, Steve",Ohio 15th District,@RepSteveStivers,https://www.facebook.com/RepSteveStivers
"Gonzalez, Anthony",Ohio 16th District,@RepAGonzalez,https://www.facebook.com/RepAGonzalez
"Chabot, Steve",Ohio 1st District,@RepSteveChabot,https://www.facebook.com/RepSteveChabot
"Wenstrup, Brad",Ohio 2nd District,@RepBradWenstrup,https://www.facebook.com/RepBradWenstrup
"Beatty, Joyce",Ohio 3rd District,@RepBeatty,http://www.facebook.com/pages/Joyce-Beatty
"Jordan, Jim",Ohio 4th District,@Jim_Jordan,https://www.facebook.com/repjimjordan
"Latta, Robert E.",Ohio 5th District,@boblatta,https://www.facebook.com/boblatta
"Johnson, Bill",Ohio 6th District,@RepBillJohnson,https://www.facebook.com/RepBillJohnson?ref=ts
"Gibbs, Bob",Ohio 7th District,@RepBobGibbs,https://www.facebook.com/RepBobGibbs
"Davidson, Warren",Ohio 8th District,@WarrenDavidson,https://www.facebook.com/CongressmanWarrenDavidson
"Kaptur, Marcy",Ohio 9th District,@RepMarcyKaptur,https://www.facebook.com/RepresentativeMarcyKaptur
"Hern, Kevin",Oklahoma 1st District,@RepKevinHern,https://www.facebook.com/repkevinhern/
"Mullin, Markwayne",Oklahoma 2nd District,@RepMullin,https://www.facebook.com/RepMullin
"Lucas, Frank",Oklahoma 3rd District,@RepFrankLucas,https://www.facebook.com/RepFrankLucas
"Cole, Tom",Oklahoma 4th District,@TomColeOK04,https://www.facebook.com/TomColeOK04
"Horn, Kendra",Oklahoma 5th District,@RepKendraHorn,https://www.facebook.com/RepKendraHorn/
"Bonamici, Suzanne",Oregon 1st District,@RepBonamici,https://www.facebook.com/suzannebonamici
"Walden, Greg",Oregon 2nd District,@repgregwalden,https://www.facebook.com/repgregwalden?ref=profile
"Blumenauer, Earl",Oregon 3rd District,@repblumenauer,https://www.facebook.com/blumenauer
"DeFazio, Peter",Oregon 4th District,@RepPeterDeFazio,https://www.facebook.com/RepPeterDeFazio
"Schrader, Kurt",Oregon 5th District,@RepSchrader,https://www.facebook.com/repschrader?ref=ts
"Perry, Scott",Pennsylvania 10th District,@RepScottPerry,https://www.facebook.com/repscottperry
"Smucker, Lloyd",Pennsylvania 11th District,@RepLloyd,https://www.facebook.com/RepSmucker
"Marino, Tom",Pennsylvania 12th District,,
"Joyce, John",Pennsylvania 13th District,@RepJohnJoyce,https://www.facebook.com/RepJohnJoyce/
"Reschenthaler, Guy",Pennsylvania 14th District,@GReschenthaler,https://www.facebook.com/GReschenthaler
"Thompson, Glenn",Pennsylvania 15th District,@CongressmanGT,https://www.facebook.com/CongressmanGT/
"Kelly, Mike",Pennsylvania 16th District,@MikeKellyforPA,https://www.facebook.com/MikeKellyPA/
"Lamb, Conor",Pennsylvania 17th District,@RepConorLamb,https://www.facebook.com/RepConorLamb
"Doyle, Michael",Pennsylvania 18th District,@USRepMikeDoyle,https://www.facebook.com/usrepmikedoyle/
"Fitzpatrick, Brady",Pennsylvania 1st District,@RepBrianFitz,https://www.facebook.com/RepBrianFitzpatrick/
"Boyle, Brendan",Pennsylvania 2nd District,@CongBoyle,https://www.facebook.com/CongressmanBoyle
"Evans, Dwight",Pennsylvania 3rd District,@RepDwightEvans,https://www.facebook.com/RepDwightEvans/
"Dean, Madeleine",Pennsylvania 4th District,@RepDean,https://www.facebook.com/RepMadeleineDean/
"Scanlon, Mary-Gay",Pennsylvania 5th District,@RepMGS,https://www.facebook.com/RepMGS/
"Houlahan, Chrissy",Pennsylvania 6th District,@RepHoulahan,https://www.facebook.com/ChrissyHoulahan/
"Wild, Susan",Pennsylvania 7th District,@RepSusanWild,https://www.facebook.com/repsusanwild
"Cartwright, Matt",Pennsylvania 8th District,@RepCartwright,https://www.facebook.com/CongressmanMattCartwright
"Meuser, Daniel",Pennsylvania 9th District,@RepMeuser,https://www.facebook.com/RepMeuser
"Gonzalez-Colon, Jenniffer",Puerto Rico At-Large,@Jenniffer2012,https://www.facebook.com/JGOPR51
"Cicilline, David",Rhode Island 1st District,@RepCicilline,https://www.facebook.com/CongressmanDavidCicilline
"Langevin, Jim",Rhode Island 2nd District,@jimlangevin,https://www.facebook.com/CongressmanJimLangevin
"Cunningham, Joe",South Carolina 1st District,@RepCunningham,https://www.facebook.com/RepJoeCunningham/
"Wilson, Joe",South Carolina 2nd District,@RepJoeWilson,https://www.facebook.com/JoeWilson
"Duncan, Jeff",South Carolina 3rd District,@RepJeffDuncan,https://www.facebook.com/RepJeffDuncan
"Timmons, William",South Carolina 4th District,@RepTimmons,https://www.facebook.com/RepTimmons/
"Norman, Ralph",South Carolina 5th District,@RepRalphNorman,https://www.facebook.com/RepRalphNorman/
"Clyburn, James E.",South Carolina 6th District,@Clyburn,https://www.facebook.com/jameseclyburn
"Rice, Tom",South Carolina 7th District,@RepTomRice,https://www.facebook.com/reptomrice
"Johnson, Dusty",South Dakota At-Large,@RepDustyJohnson,https://www.facebook.com/RepDustyJohnson/
"Roe, Phil",Tennessee 1st District,@DrPhilRoe,https://www.facebook.com/DrPhilRoe
"Burchett, Tim",Tennessee 2nd District,@RepTimBurchett,https://www.facebook.com/RepTimBurchett/
"Fleischmann, Chuck",Tennessee 3rd District,@RepChuck,https://www.facebook.com/repchuck
"DesJarlais, Scott",Tennessee 4th District,@DesJarlaisTN04,https://www.facebook.com/ScottDesJarlaisTN04
"Cooper, Jim",Tennessee 5th District,@repjimcooper,https://www.facebook.com/JimCooper
"Rose, John W.",Tennessee 6th District,@RepJohnRose,https://www.facebook.com/repjohnrose
"Green, Mark",Tennessee 7th District,@RepMarkGreen,https://www.facebook.com/RepMarkGreenTN/
"Kustoff, David",Tennessee 8th District,@DavidKustoff,https://www.facebook.com/KustoffForCongress
"Cohen, Steve",Tennessee 9th District,@RepCohen,https://www.facebook.com/CongressmanSteveCohen?ref=ts
"McCaul, Michael T.",Texas 10th District,@RepMcCaul,https://www.facebook.com/michaeltmccaul
"Conaway, K. Michael",Texas 11th District,@ConawayTX11,https://www.facebook.com/mike.conaway
"Granger, Kay",Texas 12th District,@RepKayGranger,https://www.facebook.com/RepKayGranger
"Thornberry, Mac",Texas 13th District,@MacTXPress,https://www.facebook.com/repmacthornberry
"Weber, Randy",Texas 14th District,@TXRandy14,https://www.facebook.com/TXRandy14
"Gonzalez, Vincente",Texas 15th District,@VoteVincente,https://www.facebook.com/votevicente
"Escobar, Veronica",Texas 16th District,@RepEscobar,https://www.facebook.com/RepEscobar
,Texas 17th District,@RepBillFlores,https://www.facebook.com/RepBillFlores
"Jackson Lee, Sheila",Texas 18th District,@JacksonLeeTX18,https://www.facebook.com/CongresswomanSheilaJacksonLee
"Arrington, Jodey",Texas 19th District,@JodeyArrington,https://www.facebook.com/JodeyArrington
"Gohmert, Louie",Texas 1st District,@replouiegohmert,https://www.facebook.com/Louie-Gohmert-50375006903
"Castro, Joaquin",Texas 20th District,@JoaquinCastrotx,https://www.facebook.com/JoaquinCastroTX
"Roy, Chip",Texas 21st District,@RepChipRoy,https://www.facebook.com/RepChipRoy
"Olson, Pete",Texas 22nd District,@PeteOlson,https://www.facebook.com/PeteOlsonTX
"Hurd, Will",Texas 23rd District,@HurdOnTheHill,https://www.facebook.com/HurdOnTheHill
"Marchant, Kenny",Texas 24th District,@RepKenMarchant,https://www.facebook.com/RepKennyMarchant
"Williams, Roger",Texas 25th District,@RepRWilliams,https://www.facebook.com/RepRogerWilliams
"Burgess, Michael",Texas 26th District,@michaelcburgess,https://www.facebook.com/michaelcburgess
"Cloud, Michael",Texas 27th District,@RepCloudTX,https://www.facebook.com/RepCloudTX/
"Cuellar, Henry",Texas 28th District,@RepCuellar,https://www.facebook.com/repcuellar
"Garcia, Sylvia",Texas 29th District,@RepSylviaGarcia,https://www.facebook.com/RepSylviaGarcia
"Crenshaw, Dan",Texas 2nd District,@RepDanCrenshaw,https://www.facebook.com/RepDanCrenshaw/
"Johnson, Eddie Bernice",Texas 30th District,@RepEBJ,https://www.facebook.com/CongresswomanEBJtx30
"Carter, John",Texas 31st District,@JudgeCarter,https://www.facebook.com/judgecarter
"Allred, Colin",Texas 32nd District,@RepColinAllred,https://www.facebook.com/RepColinAllred/
"Veasey, Marc",Texas 33rd District,@RepVeasey,https://www.facebook.com/CongressmanMarcVeasey
"Vela, Filemon",Texas 34th District,@RepFilemonVela,https://www.facebook.com/UsCongressmanFilemonVela
"Doggett, Lloyd",Texas 35th District,@RepLloydDoggett,https://www.facebook.com/lloyddoggett
"Babin, Brian",Texas 36th District,@RepBrianBabin,https://www.facebook.com/RepBrianBabin
"Taylor, Van",Texas 3rd District,@RepVanTaylor,https://www.facebook.com/RepVanTaylor
"Ratcliffe, John",Texas 4th District,@RepRatcliffe,https://www.facebook.com/RepRatcliffe
"Gooden, Lance",Texas 5th District,@RepLanceGooden,https://www.facebook.com/RepGooden
"Wright, Ron",Texas 6th District,@RepRonWright,https://www.facebook.com/Congressman-Ron-Wright-594717754318936/?modal=admin_todo_tour
"Fletcher, Lizzie",Texas 7th District,@RepFletcher,https://www.facebook.com/RepFletcher/
"Brady, Kevin",Texas 8th District,@RepKevinBrady,https://www.facebook.com/kevinbrady
"Green, Al",Texas 9th District,@RepAlGreen,https://www.facebook.com/Congressman-Al-Green-224027854297805
"Bishop, Rob",Utah 1st District,@RepHalRogers,https://www.facebook.com/CongressmanHalRogers
"Stewart, Chris",Utah 2nd District,@RepChrisStewart,https://www.facebook.com/RepChrisStewart
"Curtis, John R.",Utah 3rd District,@RepJohnCurtis,https://www.facebook.com/RepJohnCurtis/
"McAdams, Ben",Utah 4th District,@RepBenMcAdams,https://www.facebook.com/RepBenMcAdams/
"Welch, Peter",Vermont At-Large,@PeterWelch,https://www.facebook.com/PeterWelch
"Plaskett, Stacey",Virgin Islands At-Large,@StaceyPlaskett,https://www.facebook.com/repstaceyplaskett
"Wexton, Jennifer",Virginia 10th District,@RepWexton,https://www.facebook.com/CongresswomanWexton
"Connolly, Gerald E. “Gerry”",Virginia 11th District,@GerryConnolly,https://www.facebook.com/CongressmanGerryConnolly
"Wittman, Robert J.",Virginia 1st District,@RobWittman,https://www.facebook.com/RepRobWittman
"Luria, Elaine",Virginia 2nd District,@RepElaineLuria,https://www.facebook.com/RepElaineLuria
"Scott, Robert C.",Virginia 3rd District,@repbobbyscott,https://www.facebook.com/CongressmanBobbyScott
"McEacchin, Donald",Virginia 4th District,@Donald_McEachin,https://www.facebook.com/DonaldMcEachinVA
"Riggleman, Denver",Virginia 5th District,@RepRiggleman,https://www.facebook.com/RepRiggleman
"Cline, Ben",Virginia 6th District,@RepBenCline,https://www.facebook.com/RepBenCline
"Spanberger, Abigail",Virginia 7th District,@RepSpanberger,https://www.facebook.com/RepAbigailSpanberger
"Beyer, Don",Virginia 8th District,@RepDonBeyer,https://www.facebook.com/RepDonBeyer
"Griffith, Morgan",Virginia 9th District,@RepMGriffith,https://www.facebook.com/RepMorganGriffith
"Heck, Denny",Washington 10th District,@RepDennyHeck,https://www.facebook.com/CongressmanDennyHeck
"DelBene, Suzan",Washington 1st District,@RepDelBene,https://www.facebook.com/RepDelBene
"Larsen, Rick",Washington 2nd District,@RepRickLarsen,https://www.facebook.com/RepRickLarsen
"Herrera Beutler, Jaime",Washington 3rd District,@HerreraBeutler,https://www.facebook.com/herrerabeutler
"Newhouse, Dan",Washington 4th District,@RepNewhouse,https://www.facebook.com/RepNewhouse
"McMorris Rodgers, Cathy",Washington 5th District,@cathymcmorris,https://www.facebook.com/mcmorrisrodgers
"Kilmer, Derek",Washington 6th District,@RepDerekKilmer,https://www.facebook.com/derek.kilmer
"Jayapal, Pramila",Washington 7th District,@PramilaJayapal,https://www.facebook.com/Pramila.Jayapal
"Schrier, Kim",Washington 8th District,@RepKimSchrier,https://www.facebook.com/RepKimSchrier/
"Smith, Adam",Washington 9th District,@RepAdamSmith,https://www.facebook.com/RepAdamSmith
"McKinley, David",West Virginia 1st District,@RepMcKinley,https://www.facebook.com/RepMcKinley
"Mooney, Alex",West Virginia 2nd District,@RepAlexMooney,https://www.facebook.com/CongressmanAlexMooney
"Miller, Carol",West Virginia 3rd District,@RepCarolMiller,https://www.facebook.com/RepEvanJenkins
"Steil, Bryan",Wisconsin 1st District,@RepBryanSteil,https://www.facebook.com/RepBryanSteil/
"Pocan, Mark",Wisconsin 2nd District,@repmarkpocan,https://www.facebook.com/repmarkpocan
"Kind, Ron",Wisconsin 3rd District,@RepRonKind,https://www.facebook.com/repronkind?ref=nf
"Moore, Gwen",Wisconsin 4th District,@RepGwenMoore,https://www.facebook.com/GwenSMoore
"Sensenbrenner, F. James",Wisconsin 5th District,@JimPressOffice,https://www.facebook.com/SensenbrennerforCongress
"Grothman, Glenn",Wisconsin 6th District,@RepGrothman,https://www.facebook.com/RepGrothman
"Duffy, Sean P.",Wisconsin 7th District,@RepSeanDuffy,https://www.facebook.com/RepSeanDuffy
"Gallagher, Mike",Wisconsin 8th District,@MikeforWI,https://www.facebook.com/MikeforWisconsin
"Cheney, Liz",Wyoming At-Large,@Liz_Cheney,https://www.facebook.com/CheneyLiz